{
"Varer" : {
  "baller" : {
    "adidas" : {
      "adidas001" : {
        "Farge1" : "Hvit",
        "Farge2" : "Oransje",
        "Pris" : 1400,
        "bildeUrl" : "bilder/clball.jpg"
      },
      "adidas002" : {
        "Farge1" : "Hvit",
        "Farge2" : "Rød",
        "Pris" : 1100,
        "bildeUrl" : "bilder/adidassort.jpg"
      },
      "adidas003" : {
        "Farge1" : "Hvit",
        "Farge2" : "Grønn",
        "Pris" : 1500,
        "bildeUrl" : "bilder/grønnball.jpg"
      },
      "adidas004" : {
        "Farge1" : "Rød",
        "Farge2" : "Hvit",
        "Pris" : 400,
        "bildeUrl" : "bilder/adidashvitball.jpg"
      }
    },
    "nike" : {
      "nike001" : {
        "Farge1" : "Sort",
        "Farge2" : "Rød",
        "Pris" : 500,
        "bildeUrl" : "bilder/sortball.jpg"
      },
      "nike002" : {
        "Farge1" : "Gul",
        "Farge2" : "Blå",
        "Pris" : 300,
        "bildeUrl" : "bilder/gulnike.jpg"
      },
      "nike003" : {
        "Farge1" : "Sort",
        "Farge2" : "Gul",
        "Pris" : 400,
        "bildeUrl" : "bilder/nikegulball.jpg"
      },
      "nike004" : {
        "Farge1" : "Hvit",
        "Farge2" : "Sølv",
        "Pris" : 1350,
        "bildeUrl" : "bilder/sølvball.jpg"
      }
    }
  },
  "drakter" : {
    "EPL" : {
      "epl001" : {
        "Farge1" : "Rød",
        "Farge2" : "Sort",
        "Merke" : "Adidas",
        "Pris" : 800,
        "bildeUrl" : "bilder/Manu.jpg"
      },
      "epl002" : {
        "Farge1" : "Gul",
        "Farge2" : "Sort",
        "Merke" : "Adidas",
        "Pris " : 660,
        "bildeUrl" : "bilder/Watford.png"
      },
      "epl003" : {
        "Farge1" : "Rød",
        "Farge2" : "Hvit",
        "Merke" : "Puma",
        "Pris" : 430,
        "bildeUrl" : "bilder/Gunners.jpg"
      }
    },
    "La Liga" : {
      "laliga001" : {
        "Farge1" : "Hvit",
        "Farge2" : "Sort",
        "Merke" : "Adidas",
        "Pris" : 830,
        "bildeUrl" : "bilder/Real.jpg"
      },
      "laliga002" : {
        "Farge1" : "Blå",
        "Farge2" : "Rød",
        "Merke" : "Nike",
        "Pris" : 800,
        "bildeUrl" : "bilder/Barca.jpg"
      }
    },
    "Serie A" : {
      "seriaa001" : {
        "Farge1" : "Hvit",
        "Farge2" : "Sort",
        "Merke " : "Adidas",
        "Pris" : 770,
        "bildeUrl" : "bilder/juve.jpg"
      },
      "seriea002" : {
        "Farge1" : "Rød",
        "Farge2" : "Sort",
        "Merke" : "Puma",
        "Pris" : 650,
        "bildeUrl" : "bilder/AcMilan.jpg"
      },
      "seriea003" : {
        "Farge1" : "Rød",
        "Farge2" : "Oransje",
        "Merke" : "Nike",
        "Pris" : 730,
        "bildeUrl" : "bilder/Roma.jpg"
      }
    }
  },
  "fotballsko" : {
    "adidas" : {
      "adidas001" : {
        "Farge1" : "Sort",
        "Farge2" : "Rød",
        "Modell" : "Adidas X",
        "Pris" : 2300,
        "bildeUrl" : "bilder/xsort.jpg"
      },
      "adidas002" : {
        "Farge1" : "Blå",
        "Farge2" : "Rød",
        "Modell" : "Adidas X",
        "Pris" : 2400,
        "bildeUrl" : "bilder/xrod.jpg"
      },
      "adidas003" : {
        "Farge1" : "Gul",
        "Farge2" : "Sort",
        "Modell" : "Adidas X",
        "Pris" : 1700,
        "bildeUrl" : "bilder/xgul.jpg"
      },
      "adidas004" : {
        "Farge1" : "Gull",
        "Farge2" : "Sort",
        "Modell " : "Predator",
        "Pris" : 3400,
        "bildeUrl" : "bilder/Predatorgull.jpg"
      },
      "adidas005" : {
        "Farge1" : "Blå",
        "Farge2" : "Sølv",
        "Modell" : "Predator",
        "Pris" : 2200,
        "bileUrl" : "bilder/predatorsolv.jpg"
      },
      "adidas006" : {
        "Farge1" : "Rød",
        "Farge2" : "Oransje",
        "Modell" : "Predator",
        "Pris" : 2100,
        "bildeUrl" : "bilder/Predatorrod.jpg"
      },
      "adidas007" : {
        "Farge1" : "Sort",
        "Farge2" : "Sort",
        "Modell" : "Nemeziz",
        "Pris" : 2900,
        "bildeUrl" : "bilder/nemezizsort.jpg"
      },
      "adidas008" : {
        "Farge1" : "Gul",
        "Farge2" : "Blå",
        "Modell" : "Nemeziz",
        "Pris" : 2300,
        "bildeUrl" : "bilder/nemezizgul.jpg"
      }
    },
    "nike" : {
      "nike001" : {
        "bildeUrl" : "bilder/Superflyoransje.jpg",
        "Farge1" : "Oransje",
        "Farge2" : "Blå",
        "Modell" : "Superfly",
        "Pris" : 2600
      },
      "nike002" : {
        "bildeUrl" : "bilder/Superflysort.jpeg",
        "Farge1" : "Sort",
        "Farge2" : "Gull",
        "Modell" : "Superfly",
        "Pris" : 2700
      },
      "nike003" :{
        "bildeUrl" : "bilder/Phantomgull.jpg",
        "Farge1" : "Grå",
        "Farge2" : "Gul",
        "Modell" : "Phantom",
        "Pris" : 2100
      },
      "nike004" : {
        "bildeUrl" : "bilder/TiempoBla.jpg",
        "Farge1" : "Blå",
        "Farge2" : "Sort",
        "Modell" : "Tiempo",
        "Pris" : 1950
      },
      "nike005" : {
        "bildeUrl" : "bilder/Tiempogul.jpg",
        "Farge1" : "Gul",
        "Farge2" : "Sort",
        "Modell" : "Tiempo",
        "Pris" : 1800
      },
      "nike006" : {
        "bildeUrl" : "bilder/Phantomrod.jpg",
        "Farge1" : "Rød",
        "Farge2" : "Sort",
        "Modell" : "Phantom",
        "Pris" : 2300
      },
      "nike007" : {
        "bildeUrl" : "bilder/Vapor2sort.jpg",
        "Farge1" : "Sort",
        "Farge2" : "Sort",
        "Modell" : "Vapor",
        "Pris" : 2000
      },
      "nike008" : {
        "bildeUrl" : "bilder/Vaporsort.png",
        "Farge1" : "Hvit",
        "Farge2" : "Sort",
        "Modell" : "Vapor",
        "Pris" : 2200
      }
    }
  }
  }

}
